city,ride_month,total_rides,total_cancellations,cancellation_rate_pct,total_completed_revenue
Chicago,2026-01-01T00:00:00.000Z,26,10,38.46,992.48
Houston,2026-01-01T00:00:00.000Z,45,17,37.78,2175.78
Los Angeles,2026-01-01T00:00:00.000Z,31,13,41.94,1333.35
New York,2026-01-01T00:00:00.000Z,31,12,38.71,1623.77
Phoenix,2026-01-01T00:00:00.000Z,27,12,44.44,1253.07
Chicago,2026-02-01T00:00:00.000Z,26,7,26.92,1572.54
Houston,2026-02-01T00:00:00.000Z,33,13,39.39,1541.89
Los Angeles,2026-02-01T00:00:00.000Z,31,11,35.48,1787.88
New York,2026-02-01T00:00:00.000Z,37,12,32.43,2036.91
Phoenix,2026-02-01T00:00:00.000Z,19,8,42.11,854.18
Chicago,2026-03-01T00:00:00.000Z,36,10,27.78,2172.51
Houston,2026-03-01T00:00:00.000Z,35,14,40.0,1592.97
Los Angeles,2026-03-01T00:00:00.000Z,28,6,21.43,1981.79
New York,2026-03-01T00:00:00.000Z,37,13,35.14,1908.99
Phoenix,2026-03-01T00:00:00.000Z,33,15,45.45,1331.07
Chicago,2026-04-01T00:00:00.000Z,40,10,25.0,2314.27
Houston,2026-04-01T00:00:00.000Z,30,13,43.33,1248.1
Los Angeles,2026-04-01T00:00:00.000Z,39,13,33.33,2104.94
New York,2026-04-01T00:00:00.000Z,31,8,25.81,1963.47
Phoenix,2026-04-01T00:00:00.000Z,28,8,28.57,1539.07
Chicago,2026-05-01T00:00:00.000Z,41,15,36.59,2271.07
Houston,2026-05-01T00:00:00.000Z,25,12,48.0,745.58
Los Angeles,2026-05-01T00:00:00.000Z,29,13,44.83,1465.51
New York,2026-05-01T00:00:00.000Z,30,12,40.0,1692.5
Phoenix,2026-05-01T00:00:00.000Z,33,8,24.24,1686.44
Chicago,2026-06-01T00:00:00.000Z,30,8,26.67,1679.87
Houston,2026-06-01T00:00:00.000Z,36,13,36.11,1872.51
Los Angeles,2026-06-01T00:00:00.000Z,37,12,32.43,2047.45
New York,2026-06-01T00:00:00.000Z,31,9,29.03,1386.49
Phoenix,2026-06-01T00:00:00.000Z,45,13,28.89,2215.76
